0x807110,Class Name,Class Description,Class Number,Default Promotion,Map Sprite# (standing),Walking Speed,Default Portrait,Sort Order,Base HP,Base STR,Base MGC,Base SKL,Base SPD,Base DEF,Base MDF,Base CON,Base MOV,Max HP,Max STR,Max MGC,Max SKL,Max SPD,Max DEF,Max MDF,Max CON,Class Relative Power,HP Growth,STR Growth,MGC Growth,SKL Growth,SPD Growth,DEF Growth,MDF Growth,LUK Growth,HP Bonus Growth,STR Bonus Growth,MAG Bonus Growth,SKL Bonus Growth,SPD Bonus Growth,DEF Bonus Growth,RES Bonus Growth,LUK Bonus Growth,HP Promotion Bonus,STR Promotion Bonus,MGC Promotion Bonus,SKL Promotion Bonus,SPD Promotion Bonus,DEF Promotion Bonus,MDF Promotion Bonus,Class Ability 1,Class Ability 2,Class Ability 3,Class Ability 4,Base Sword Level,Base Lance Level,Base Axe Level,Base Bow Level,Base Staff Level,Base Anima Level,Base Light Level,Base Dark Level,Battle Animation Pointer,GambitID,JavelinAnim,HandaxeAnim,Movement Type Pointer,Movement Cost(rain) Pointer,Movement Cost(snow) Pointer,Terrain avoid bonus,Terrain defence bonus,Terrain resistance bonus,Class type/weaknesses,Moving Sprite,Moving AP,Level Cap,Walking sound,Class Multiplier,Class Divisor,Granting Multiplier,Granting Divisor,Sword Multiplier,Sword Divisor,Lance Multiplier,Lance Divisor,Axe Multiplier,Axe Divisor,Bow Multiplier,Bow Divisor,Staff Multiplier,Staff Divisor,Anima Multiplier,Anima Divisor,Light Multiplier,Light Divisor,Dark Multiplier,Dark Divisor,SkillList Pointer,Skill
Nothing,0x0,0x0,0x0,0x0,0x0,0,0x0,0x0,0,0,0,0,0,0,0,0,0,0,0,0,0,0,0,0,0,0,0,0,0,0,0,0,37,0,0,0,0,0,0,0,0,0,37,0,0,0,65,0,0,0x2,0x0,0x0,0x1,0,0,0,0,0,0,0,0,0x1f,0x0,DefaultJavelin,DefaultHandaxe,0x0,0x231e143c,0x190f0f,0x0,0x0,0x0,0x0,0x0,0x0,30,0x8078FEC,1,1,1,1,1,1,1,1,1,1,1,1,1,1,1,1,1,1,1,1,0x0,0x0
Supplier,SupplierName,SupplierDesc,0x1,0x3,0x0,0,SupplierCC,0x1,18,6,1,6,7,3,0,8,5,60,20,20,20,20,20,20,20,3,90,45,0,40,45,15,15,40,-10,3,5,7,8,1,2,7,0,0,0,0,0,0,0,0x0,0x0,0x0,0x20,0,31,0,0,0,0,0,0,SupplierAnims|IsPointer,0x0,SupplierJavelin|IsPointer,BigHandaxe|IsPointer,0x880b808,0x880bc59,0x880c069,0x880c479,0x880c4ba,0x880c4fb,0x0,SupplierMv|IsPointer,0x81c46cc,14,0x8078FEC,1,1,1,1,1,1,1,1,1,1,1,1,1,1,1,1,1,1,1,1,SupplierSkillList|IsPointer,0x0
EirikaLord,0x2bf,0x30a,0x2,0x4,0x1,0,0x8b,0x1,16,4,1,8,9,3,1,5,5,60,20,20,20,20,20,20,20,3,90,45,0,40,45,15,20,40,0,0,0,0,0,0,0,0,0,0,0,0,0,0,0,0x0,0x0,0x2,0x10,1,0,0,0,1,0,1,0,0x88aefe4,0x0,DefaultJavelin,DefaultHandaxe,0x880b808,0x880bc59,0x880c069,0x880c479,0x880c4ba,0x880c4fb,SwordType,0x81c3ed4,0x81c46cc,30,0x8078FEC,1,1,1,1,1,1,1,1,1,1,1,1,1,1,1,1,1,1,1,1,EirikaLordSkillList|IsPointer,SupplyID
EphraimMasterLord,0x2c0,0x30b,0x3,0x1,0x2,0,0x8b,0x2,18,3,2,3,4,5,0,10,7,60,27,24,26,24,23,23,25,3,90,45,0,40,45,15,15,40,0,0,0,0,0,0,0,0,4,2,1,3,2,2,5,0x3,0x5,0x0,0x20,0,71,0,0,0,0,0,0,0x88aeff0,0x0,DefaultJavelin,DefaultHandaxe,0x880bad3,0x880bf24,0x880c334,0x880c479,0x880c4ba,0x880c4fb,HorseType,0x81c4824,0x81c52b4,30,0x8078FEC,1,1,1,1,1,1,1,1,1,1,1,1,1,1,1,1,1,1,1,1,EphraimGreatLordSkillList|IsPointer,CantoID
EirikaMasterLord,0x2c0,0x30c,0x4,0x2,0x3,0,0x8b,0x2,18,3,2,3,4,5,0,7,7,60,24,25,29,30,22,25,25,3,90,45,0,40,45,15,20,40,0,0,0,0,0,0,0,0,4,2,2,2,1,3,5,0x3,0x5,0x2,0x10,71,0,0,0,0,0,0,0,0x88aeffc,0x0,DefaultJavelin,DefaultHandaxe,0x880bad3,0x880bf24,0x880c334,0x880c479,0x880c4ba,0x880c4fb,(HorseType|SwordType),0x81c5414,0x81c5e84,30,0x8078FEC,1,1,1,1,1,1,1,1,1,1,1,1,1,1,1,1,1,1,1,1,EirikaGreatLordSkillList|IsPointer,CantoID
Cavalier,0x2c1,0x30d,0x5,0x7,0x4,0,CavalierMCC,0x20,20,5,0,2,5,6,0,9,7,60,20,20,20,20,20,20,25,3,75,35,0,40,28,15,15,30,3,4,0,0,-4,3,1,0,0,0,0,0,0,0,0,0x3,0x4,0x0,0x0,1,31,0,0,0,0,0,0,CavalierMAnims|IsPointer,0x0,CavalierJavelin,DefaultHandaxe,0x880ba92,0x880bee3,0x880c2f3,0x880c479,0x880c4ba,0x880c4fb,HorseType,CavalierMMv|IsPointer,0x81c692c,30,0x8078FEC,1,1,1,1,1,1,1,1,1,1,1,1,1,1,1,1,1,1,1,1,CavalierSkillList|IsPointer,CantoID
Cavalier_F,0x2c1,0x30d,0x6,0x8,0x6f,0,CavalierFCC,0x20,18,5,0,3,3,6,0,9,7,60,20,20,20,20,20,20,25,3,75,35,0,40,28,15,15,30,3,4,0,0,-4,3,1,0,1,0,0,2,2,0,2,0x3,0x4,0x0,0x0,1,31,0,0,0,0,0,0,CavalierFAnims|IsPointer,0x0,CavalierJavelin,DefaultHandaxe,0x880ba92,0x880bee3,0x880c2f3,0x880c479,0x880c4ba,0x880c4fb,HorseType,CavalierFMv|IsPointer,0x81c692c,30,0x8078FEC,1,1,1,1,1,1,1,1,1,1,1,1,1,1,1,1,1,1,1,1,CavalierSkillList|IsPointer,CantoID
Paladin,0x2c2,0x30e,0x7,0x5,0x5,0,0x81,0x21,23,7,2,4,7,8,3,11,8,60,25,24,26,24,25,25,25,3,70,25,0,30,18,12,20,25,0,0,0,0,0,0,0,0,2,1,2,1,1,2,1,0x3,0x5,0x0,0x0,31,31,0,0,0,0,0,0,0x88af028,0x0,PaladinJavelin,DefaultHandaxe,0x880bad3,0x880bf24,0x880c334,0x880c479,0x880c4ba,0x880c4fb,HorseType,0x81c6a84,0x81c7428,30,0x8078FEC,1,1,1,1,1,1,1,1,1,1,1,1,1,1,1,1,1,1,1,1,PaladinSkillList|IsPointer,CantoID
Paladin_F,0x2c2,0x30e,0x8,0x6,0x5,0,0x81,0x21,23,6,2,6,11,7,6,9,8,60,23,24,27,25,24,26,25,3,70,25,0,35,25,12,25,25,0,0,0,0,0,0,0,0,1,1,2,1,2,1,2,0x3,0x5,0x0,0x0,31,31,0,0,0,0,0,0,0x88af038,0x0,PaladinFJavelin,DefaultHandaxe,0x880bad3,0x880bf24,0x880c334,0x880c479,0x880c4ba,0x880c4fb,HorseType,0x81c6a84,0x81c7428,30,0x8078FEC,1,1,1,1,1,1,1,1,1,1,1,1,1,1,1,1,1,1,1,1,PaladinSkillList|IsPointer,CantoID
Knight,0x2c3,0x30f,0x9,0xb,0x6,1,0x76,0xc,17,5,0,2,0,9,0,13,4,60,20,20,20,20,20,20,20,3,80,40,0,30,15,28,20,25,0,2,-5,0,-5,10,2,1,0,0,0,0,0,0,0,0x0,0x0,0x0,0x0,0,31,0,0,0,0,0,0,KnightAnims|IsPointer,0x0,DefaultJavelin,DefaultHandaxe,0x880b88a,0x880bcdb,0x880c0eb,0x880c479,0x880c4ba,0x880c4fb,ArmorType,0x81c7580,0x81c7e74,14,0x8078FD4,1,1,1,1,1,1,1,1,1,1,1,1,1,1,1,1,1,1,1,1,KnightSkillList|IsPointer,0x0
Knight_F,0x2c3,0x30f,0xa,0xc,0x6,1,0x76,0xc,16,4,0,3,1,8,1,10,4,60,20,20,20,20,20,20,20,3,80,40,0,30,15,28,20,25,0,0,0,0,0,0,0,0,2,1,0,1,1,2,0,0x0,0x0,0x0,0x0,0,31,0,0,0,0,0,0,0x88af054,0x0,DefaultJavelin,DefaultHandaxe,0x880b88a,0x880bcdb,0x880c0eb,0x880c479,0x880c4ba,0x880c4fb,ArmorType,0x81c7580,0x81c7e74,30,0x8078FD4,1,1,1,1,1,1,1,1,1,1,1,1,1,1,1,1,1,1,1,1,KnightSkillList|IsPointer,0x0
General,0x2c4,0x310,0xb,0x9,0x7,1,0x77,0xd,21,8,0,4,3,13,3,15,5,60,29,22,27,24,30,25,25,3,75,30,0,20,10,23,25,20,0,0,0,0,0,0,0,0,4,2,0,2,3,2,3,0x0,0x1,0x0,0x0,1,71,1,0,0,0,0,0,0x88af060,0x0,GeneralJavelin,DefaultHandaxe,0x880b88a,0x880bcdb,0x880c0eb,0x880c479,0x880c4ba,0x880c4fb,ArmorType,0x81c7fcc,0x81c8a80,30,0x8078FD4,1,1,1,1,1,1,1,1,1,1,1,1,1,1,1,1,1,1,1,1,GeneralSkillList|IsPointer,GreatShieldID
General_F,0x2c4,0x310,0xc,0xa,0x7,1,0x77,0xd,20,8,0,5,5,11,4,11,5,60,27,22,28,25,29,26,25,3,75,30,0,25,10,23,25,20,0,0,0,0,0,0,0,0,3,2,0,3,2,3,3,0x0,0x1,0x0,0x0,1,71,1,0,0,0,0,0,0x88af080,0x0,GeneralJavelin,DefaultHandaxe,0x880b88a,0x880bcdb,0x880c0eb,0x880c479,0x880c4ba,0x880c4fb,ArmorType,0x81c7fcc,0x81c8a80,30,0x8078FD4,1,1,1,1,1,1,1,1,1,1,1,1,1,1,1,1,1,1,1,1,GeneralSkillList|IsPointer,GreatShieldID
Thief,0x2c5,0x311,0xd,0x17,0x8,0,0x8e,0x7,16,3,1,1,9,2,0,6,6,60,20,20,20,20,20,20,20,2,50,5,0,45,40,5,20,40,0,0,0,0,0,0,0,0,0,0,0,0,0,0,0,0xc,0x0,0x0,0x0,1,0,0,0,0,0,0,0,0x88af0a0,0x0,DefaultJavelin,DefaultHandaxe,0x880b9cf,0x880be20,0x880c230,0x880c479,0x880c4ba,0x880c4fb,SwordType,0x81c8be0,0x81c945c,30,0x8078FEC,1,1,1,1,1,1,1,1,1,1,1,1,1,1,1,1,1,1,1,1,ThiefSkillList|IsPointer,CunningID
Manakete,0x2d7,0x323,0xe,0x1f,0x9,0,0x8f,0x1f,12,0,0,0,2,2,2,5,8,60,20,20,20,20,20,20,20,2,95,40,0,30,20,0,10,25,0,0,0,0,0,0,0,0,0,0,0,0,0,0,0,0x0,0x0,0x4,0x0,0,0,0,0,0,0,0,0,0x88af0ac,0x0,DefaultJavelin,DefaultHandaxe,0x880bb96,0x880bfe7,0x880c3f7,0x880c53c,0x880c57d,0x880c5be,0x0,0x81c95b4,0x81ca124,30,0x8078FEC,1,1,1,1,1,1,1,1,1,1,1,1,1,1,1,1,1,1,1,1,0x0,0x0
Mercenary,0x2c6,0x312,0xf,0x11,0xa,0,0x90,0x3,18,4,1,8,8,4,0,9,5,60,20,20,20,20,20,20,20,3,80,40,20,40,32,18,20,30,5,5,0,5,0,5,0,0,0,0,0,0,0,0,0,0x0,0x0,0x0,0x0,31,0,0,0,0,0,0,0,MercenaryMAnims|IsPointer,0x0,DefaultJavelin,DefaultHandaxe,0x880b849,0x880bc9a,0x880c0aa,0x880c479,0x880c4ba,0x880c4fb,SwordType,0x81ca27c,0x81caa20,14,0x8078FEC,1,1,1,1,1,1,1,1,1,1,1,1,1,1,1,1,1,1,1,1,MercenarySkillList|IsPointer,0x0
Mercenary_F,0x2c6,0x312,0x10,0x12,0xb,0,MercenaryFCC,0x3,18,4,1,8,8,4,0,9,5,60,20,20,20,20,20,20,20,3,80,40,20,40,32,18,20,30,5,5,0,5,0,5,0,0,0,0,0,0,0,0,0,0x0,0x0,0x0,0x0,31,0,0,0,0,0,0,0,MercenaryFAnims|IsPointer,0x0,DefaultJavelin,DefaultHandaxe,0x880b849,0x880bc9a,0x880c0aa,0x880c479,0x880c4ba,0x880c4fb,SwordType,MercenaryFMv|IsPointer,0x81cb2e0,14,0x8078FEC,1,1,1,1,1,1,1,1,1,1,1,1,1,1,1,1,1,1,1,1,MercenarySkillList|IsPointer,0x0
Hero,0x2c7,0x313,0x11,0xf,0xc,0,0x91,0x4,22,6,0,9,10,8,2,11,6,60,25,23,30,26,25,22,25,3,75,30,0,30,20,20,20,25,0,0,0,0,0,0,0,0,4,1,0,2,2,2,2,0x0,0x1,0x0,0x0,71,0,31,0,0,0,0,0,0x88af0d0,0x0,DefaultJavelin,DefaultHandaxe,0x880b808,0x880bc59,0x880c069,0x880c479,0x880c4ba,0x880c4fb,SwordType,0x81cb438,0x81cbd94,30,0x8078FEC,1,1,1,1,1,1,1,1,1,1,1,1,1,1,1,1,1,1,1,1,HeroSkillList|IsPointer,0x0
Hero_F,0x2c7,0x313,0x12,0x10,0xd,0,0x91,0x4,22,6,0,10,11,6,3,9,6,60,24,23,30,26,24,24,25,3,75,30,0,30,20,20,20,25,0,0,0,0,0,0,0,0,0,0,0,0,0,0,0,0x0,0x1,0x0,0x0,71,0,31,0,0,0,0,0,0x88af0ec,0x0,DefaultJavelin,DefaultHandaxe,0x880b808,0x880bc59,0x880c069,0x880c479,0x880c4ba,0x880c4fb,SwordType,0x81cbef4,0x81cc874,30,0x8078FEC,1,1,1,1,1,1,1,1,1,1,1,1,1,1,1,1,1,1,1,1,HeroSkillList|IsPointer,0x0
Myrmidon,0x2c8,0x314,0x13,0x15,0xe,0,0x72,0x5,16,4,1,9,9,2,0,8,5,60,20,20,20,20,20,20,20,3,70,35,0,40,40,15,20,30,0,0,0,0,0,0,0,0,0,0,0,0,0,0,0,0x0,0x0,0x2,0x0,31,0,0,0,0,0,0,0,0x88af108,0x0,DefaultJavelin,DefaultHandaxe,0x880b849,0x880bc9a,0x880c0aa,0x880c479,0x880c4ba,0x880c4fb,SwordType,0x81cc9d4,0x81cd1bc,30,0x8078FEC,1,1,1,1,1,1,1,1,1,1,1,1,1,1,1,1,1,1,1,1,MyrmidonSkillList|IsPointer,0x0
Myrmidon_F,0x2c8,0x314,0x14,0x16,0xf,0,MyrmidonFCC,0x5,15,3,1,9,10,1,1,5,5,60,20,20,20,20,20,20,20,3,70,35,0,40,40,15,20,30,0,0,0,0,0,0,0,0,0,0,0,0,0,0,0,0x0,0x0,0x2,0x0,31,0,0,0,0,0,0,0,0x88af114,0x0,DefaultJavelin,DefaultHandaxe,0x880b849,0x880bc9a,0x880c0aa,0x880c479,0x880c4ba,0x880c4fb,SwordType,0x81cd314,0x81cdb58,30,0x8078FEC,1,1,1,1,1,1,1,1,1,1,1,1,1,1,1,1,1,1,1,1,MyrmidonSkillList|IsPointer,0x0
Swordmaster,0x2c9,0x315,0x15,0x13,0x10,0,0x73,0x6,21,6,2,11,10,5,2,9,6,60,24,23,29,30,22,23,20,3,65,25,0,30,30,15,22,25,0,0,0,0,0,0,0,0,5,2,1,0,0,2,1,0x40,0x1,0x2,0x0,71,0,0,0,0,0,0,0,0x88af120,0x0,DefaultJavelin,DefaultHandaxe,0x880b808,0x880bc59,0x880c069,0x880c479,0x880c4ba,0x880c4fb,SwordType,0x81cdcb0,0x81ce4fc,30,0x8078FEC,1,1,1,1,1,1,1,1,1,1,1,1,1,1,1,1,1,1,1,1,SwordmasterSkillList|IsPointer,CritUpID
Swordmaster_F,0x2c9,0x315,0x16,0x14,0x11,0,0x73,0x6,19,6,2,11,12,4,3,7,6,60,22,23,29,30,22,25,20,3,65,25,0,30,30,15,22,25,0,0,0,0,0,0,0,0,4,2,1,1,0,2,1,0x40,0x1,0x2,0x0,71,0,0,0,0,0,0,0,0x88af12c,0x0,DefaultJavelin,DefaultHandaxe,0x880b808,0x880bc59,0x880c069,0x880c479,0x880c4ba,0x880c4fb,SwordType,0x81ce65c,0x81ceee0,30,0x8078FEC,1,1,1,1,1,1,1,1,1,1,1,1,1,1,1,1,1,1,1,1,SwordmasterSkillList|IsPointer,CritUpID
Assassin,0x2ca,0x316,0x17,0xd,0x12,0,0x8e,0x8,16,3,1,1,9,2,0,8,6,60,20,22,30,30,20,20,20,3,50,5,0,45,40,5,20,40,0,0,0,0,0,0,0,0,3,1,0,0,0,2,2,0x8,0x1,0x2,0x2,31,0,0,0,0,0,0,0,0x88af138,0x0,DefaultJavelin,DefaultHandaxe,0x880b9cf,0x880be20,0x880c230,0x880c479,0x880c4ba,0x880c4fb,SwordType,0x81cf040,0x81cf7e8,30,0x8078FEC,1,1,1,1,1,1,1,1,1,1,1,1,1,1,1,1,1,1,1,1,AssassinSkillList|IsPointer,CunningID
Assassin_F,0x2ca,0x316,0x18,0xd,0x13,0,0x8e,0x8,16,3,1,1,9,2,0,6,6,60,20,22,30,30,20,20,20,3,50,5,0,45,40,5,20,40,0,0,0,0,0,0,0,0,2,1,0,1,1,2,1,0x8,0x1,0x2,0x2,31,0,0,0,0,0,0,0,0x88af144,0x0,DefaultJavelin,DefaultHandaxe,0x880b9cf,0x880be20,0x880c230,0x880c479,0x880c4ba,0x880c4fb,SwordType,0x81cf940,0x81d0160,30,0x8078FEC,1,1,1,1,1,1,1,1,1,1,1,1,1,1,1,1,1,1,1,1,AssassinSkillList|IsPointer,CunningID
Archer,0x2cb,0x317,0x19,0x1b,0x14,0,ArcherMCC,0xa,18,4,0,3,3,3,0,7,5,60,20,20,20,20,20,20,20,3,70,35,0,40,32,15,15,35,0,0,0,5,1,1,0,0,0,0,0,0,0,0,0,0x80,0x0,0x0,0x0,0,0,0,31,0,0,0,0,ArcherMAnims|IsPointer,0x0,DefaultJavelin,DefaultHandaxe,0x880b849,0x880bc9a,0x880c0aa,0x880c479,0x880c4ba,0x880c4fb,0x0,ArcherMMv|IsPointer,0x81d0a7c,30,0x8078FEC,1,1,1,1,1,1,1,1,1,1,1,1,1,1,1,1,1,1,1,1,ArcherSkillList|IsPointer,0x0
Archer_F,0x2cb,0x317,0x1a,0x1c,0x15,0,ArcherFCC,0xa,17,3,0,3,4,3,0,5,5,60,20,20,20,20,20,20,20,3,70,35,0,40,32,15,20,35,0,0,0,5,1,1,0,0,0,0,0,0,0,0,0,0x80,0x0,0x0,0x0,0,0,0,31,0,0,0,0,ArcherFAnims|IsPointer,0x0,DefaultJavelin,DefaultHandaxe,0x880b849,0x880bc9a,0x880c0aa,0x880c479,0x880c4ba,0x880c4fb,0x0,ArcherFMv|IsPointer,0x81d13c8,30,0x8078FEC,1,1,1,1,1,1,1,1,1,1,1,1,1,1,1,1,1,1,1,1,ArcherSkillList|IsPointer,0x0
Sniper,0x2cc,0x318,0x1b,0x19,0x16,0,0x79,0xb,21,7,1,6,5,5,2,8,6,60,25,24,30,28,25,23,20,3,65,30,0,30,20,15,20,30,0,0,0,0,0,0,0,0,3,1,1,2,2,2,3,0x80,0x1,0x0,0x0,0,0,0,71,0,0,0,0,0x88af180,0x0,DefaultJavelin,DefaultHandaxe,0x880b808,0x880bc59,0x880c069,0x880c479,0x880c4ba,0x880c4fb,0x0,0x81d1520,0x81d1d48,30,0x8078FEC,1,1,1,1,1,1,1,1,1,1,1,1,1,1,1,1,1,1,1,1,SniperSkillList|IsPointer,SureShotID
Sniper_F,0x2cc,0x318,0x1c,0x1a,0x17,0,0x79,0xb,19,6,1,6,7,5,3,6,6,60,24,24,30,29,24,24,20,3,65,30,0,30,20,15,25,30,0,0,0,0,0,0,0,0,4,3,1,1,1,2,2,0x80,0x1,0x0,0x0,0,0,0,71,0,0,0,0,0x88af198,0x0,DefaultJavelin,DefaultHandaxe,0x880b808,0x880bc59,0x880c069,0x880c479,0x880c4ba,0x880c4fb,0x0,0x81d1ea0,0x81d2714,30,0x8078FEC,1,1,1,1,1,1,1,1,1,1,1,1,1,1,1,1,1,1,1,1,SniperSkillList|IsPointer,SureShotID
Ranger,0x2cd,0x319,0x1d,0x19,0x18,0,0x97,0xc,21,7,0,6,7,6,3,9,7,60,25,22,28,30,24,23,25,3,60,25,0,30,35,15,15,25,0,0,0,0,0,0,0,0,3,2,0,1,1,3,3,0x3,0x5,0x0,0x0,31,0,0,31,0,0,0,0,0x88af1b0,0x0,DefaultJavelin,DefaultHandaxe,0x880bb55,0x880bfa6,0x880c3b6,0x880c479,0x880c4ba,0x880c4fb,HorseType,0x81d286c,0x81d3194,30,0x8078FEC,1,1,1,1,1,1,1,1,1,1,1,1,1,1,1,1,1,1,1,1,RangerSkillList|IsPointer,0x0
Ranger_F,0x2cd,0x319,0x1e,0x1a,0x18,0,0x97,0xc,21,6,0,6,7,5,4,8,7,60,23,22,28,30,22,25,25,3,60,25,0,30,35,15,20,25,0,0,0,0,0,0,0,0,2,2,0,2,1,3,3,0x3,0x5,0x0,0x0,31,0,0,31,0,0,0,0,0x88af1c0,0x0,DefaultJavelin,DefaultHandaxe,0x880bb55,0x880bfa6,0x880c3b6,0x880c479,0x880c4ba,0x880c4fb,HorseType,0x81d286c,0x81d3194,30,0x8078FEC,1,1,1,1,1,1,1,1,1,1,1,1,1,1,1,1,1,1,1,1,RangerSkillList|IsPointer,0x0
WyvernRider,0x2ce,0x31a,0x1f,0x21,0x19,0,0x88,0xd,20,7,0,3,5,8,0,10,7,60,20,20,20,20,20,20,25,3,80,45,0,35,30,25,15,25,0,0,0,0,0,0,0,0,0,0,0,0,0,0,0,0x3,0x8,0x0,0x0,0,31,0,0,0,0,0,0,0x88af1d0,0x0,WyvernRiderJavelin,DefaultHandaxe,0x880bb96,0x880bfe7,0x880c3f7,0x880c53c,0x880c57d,0x880c5be,(FlierType|DragonType),0x81d32ec,0x81d403c,30,0x8078FEC,1,1,1,1,1,1,1,1,1,1,1,1,1,1,1,1,1,1,1,1,WyvernRiderSkillList|IsPointer,CantoID
WyvernRider_F,0x2ce,0x31a,0x20,0x22,0x1a,0,0x88,0xd,19,6,0,5,5,7,0,9,7,60,20,20,20,20,20,20,25,3,80,45,0,35,30,25,17,25,0,0,0,0,0,0,0,0,0,0,0,0,0,0,0,0x3,0x8,0x0,0x0,0,31,0,0,0,0,0,0,0x88af1dc,0x0,WyvernRiderJavelin,DefaultHandaxe,0x880bb96,0x880bfe7,0x880c3f7,0x880c53c,0x880c57d,0x880c5be,(FlierType|DragonType),0x81d419c,0x81d4eec,30,0x8078FEC,1,1,1,1,1,1,1,1,1,1,1,1,1,1,1,1,1,1,1,1,WyvernRiderSkillList|IsPointer,CantoID
WyvernLord,0x2cf,0x31b,0x21,0x1f,0x1b,0,0x89,0xe,25,9,0,5,7,10,1,11,8,60,27,21,25,23,28,22,25,3,75,40,0,30,20,20,17,20,0,0,0,0,0,0,0,0,4,2,0,2,0,2,0,0x3,0x9,0x40,0x0,31,71,0,0,0,0,0,0,0x88af1e8,0x0,WyvernLordJavelin,DefaultHandaxe,0x880bb96,0x880bfe7,0x880c3f7,0x880c53c,0x880c57d,0x880c5be,(FlierType|DragonType),0x81d504c,0x81d5e58,30,0x8078FEC,1,1,1,1,1,1,1,1,1,1,1,1,1,1,1,1,1,1,1,1,WyvernLordSkillList|IsPointer,CantoID
WyvernLord_F,0x2cf,0x31b,0x22,0x20,0x1c,0,0x89,0xe,24,8,0,7,7,9,2,10,8,60,25,21,26,24,27,23,25,3,75,40,0,30,20,20,17,20,0,0,0,0,0,0,0,0,0,0,0,0,0,0,0,0x3,0x9,0x40,0x0,31,71,0,0,0,0,0,0,0x88af1f8,0x0,WyvernLordJavelin,DefaultHandaxe,0x880bb96,0x880bfe7,0x880c3f7,0x880c53c,0x880c57d,0x880c5be,(FlierType|DragonType),0x81d5fc0,0x81d6d6c,30,0x8078FEC,1,1,1,1,1,1,1,1,1,1,1,1,1,1,1,1,1,1,1,1,WyvernLordSkillList|IsPointer,CantoID
WyvernKnight,0x2d0,WyvKnightDesc,0x23,0x1f,0x1d,0,WyvKnightCC,0xf,20,7,1,7,8,7,1,10,8,60,25,24,26,28,24,22,25,3,65,35,0,30,30,15,17,25,5,2,-3,0,-2,0,0,-4,3,1,1,2,3,0,1,0x3,0x8,0x0,0x0,0,0,31,0,0,0,0,0,WyvKnightAnims|IsPointer,0x0,WyvernKnightJavelin|IsPointer,DefaultHandaxe,0x880bb96,0x880bfe7,0x880c3f7,0x880c53c,0x880c57d,0x880c5be,(FlierType|DragonType),WyvKnightMv|IsPointer,0x81d7cc8,14,0x8078FEC,1,1,1,1,1,1,1,1,1,1,1,1,1,1,1,1,1,1,1,1,WyvernKnightSkillList|IsPointer,CantoID
WyvernKnight_F,0x2d0,0x31c,0x24,0x20,0x1d,0,0x93,0xf,19,6,1,8,9,6,2,9,8,60,24,24,27,29,23,23,25,3,65,35,0,30,30,15,20,25,0,0,0,0,0,0,0,0,3,2,1,1,2,1,1,0x3,0x9,0x0,0x0,0,71,0,0,0,0,0,0,0x88af214,0x0,WyvernKnightJavelin|IsPointer,DefaultHandaxe,0x880bb96,0x880bfe7,0x880c3f7,0x880c53c,0x880c57d,0x880c5be,(FlierType|DragonType),0x81d6ec4,0x81d7cc8,30,0x8078FEC,1,1,1,1,1,1,1,1,1,1,1,1,1,1,1,1,1,1,1,1,WyvernKnightSkillList|IsPointer,CantoID
Mage,0x2d1,0x31d,0x25,0x27,0x1e,0,0x7c,0x12,16,1,1,4,3,3,3,6,5,60,20,20,20,20,20,20,20,3,55,5,55,40,35,5,30,20,0,-2,4,0,0,0,3,0,1,0,0,1,2,1,2,0x0,0x0,0x0,0x0,0,0,0,0,0,31,0,0,0x88af220,0x0,DefaultJavelin,DefaultHandaxe,0x880ba10,0x880be61,0x880c271,0x880c479,0x880c4ba,0x880c4fb,0x0,0x81d7e28,0x81d8668,30,0x8078FEC,1,1,1,1,1,1,1,1,1,1,1,1,1,1,1,1,1,1,1,1,MageSkillList|IsPointer,0x0
Mage_F,0x2d1,0x31d,0x26,0x28,0x1f,0,MageFCC,0x12,16,1,1,4,3,3,3,6,5,60,20,20,20,20,20,20,20,3,55,5,55,40,35,5,40,20,0,-2,4,0,0,0,3,0,0,0,0,0,0,0,0,0x0,0x0,0x0,0x0,0,0,0,0,0,31,0,0,0x88af234,0x0,DefaultJavelin,DefaultHandaxe,0x880ba10,0x880be61,0x880c271,0x880c479,0x880c4ba,0x880c4fb,0x0,0x81d87c0,0x81d908c,30,0x8078FEC,1,1,1,1,1,1,1,1,1,1,1,1,1,1,1,1,1,1,1,1,MageSkillList|IsPointer,0x0
Sage,0x2d2,0x31e,0x27,0x25,0x20,0,0x7d,0x13,20,5,5,4,4,5,5,7,6,60,28,28,30,26,21,25,20,3,45,15,45,30,25,10,40,15,0,0,0,0,0,0,0,0,4,1,1,0,0,3,3,0x0,0x1,0x0,0x0,0,0,0,0,31,71,31,0,0x88af248,0x0,DefaultJavelin,DefaultHandaxe,0x880ba10,0x880be61,0x880c271,0x880c479,0x880c4ba,0x880c4fb,0x0,0x81d91e4,0x81d9b58,30,0x8078FEC,1,1,1,1,1,1,1,1,1,1,1,1,1,1,1,1,1,1,1,1,SageSkillList|IsPointer,0x0
Sage_F,0x2d2,0x31e,0x28,0x26,0x21,0,0x7d,0x13,19,4,4,6,5,3,6,4,6,60,30,30,28,26,21,25,20,3,45,15,45,30,25,10,40,15,0,0,0,0,0,0,0,0,3,1,1,1,0,3,3,0x0,0x1,0x0,0x0,0,0,0,0,31,71,31,0,0x88af260,0x0,DefaultJavelin,DefaultHandaxe,0x880ba10,0x880be61,0x880c271,0x880c479,0x880c4ba,0x880c4fb,0x0,0x81d9cb0,0x81da694,30,0x8078FEC,1,1,1,1,1,1,1,1,1,1,1,1,1,1,1,1,1,1,1,1,SageSkillList|IsPointer,0x0
MageKnight,0x2d3,0x31f,0x29,0x25,0x22,0,0x95,0x14,20,4,4,3,5,5,5,8,7,60,24,24,26,25,24,25,25,3,45,5,40,30,40,10,40,30,0,0,0,0,0,0,0,0,4,2,2,0,0,2,2,0x3,0x5,0x0,0x0,0,0,0,0,31,71,0,0,0x88af278,0x0,DefaultJavelin,DefaultHandaxe,0x880bad3,0x880bf24,0x880c334,0x880c479,0x880c4ba,0x880c4fb,HorseType,0x81da7ec,0x81db0f8,30,0x8078FEC,1,1,1,1,1,1,1,1,1,1,1,1,1,1,1,1,1,1,1,1,MageKnightSkillList|IsPointer,CantoID
MageKnight_F,0x2d3,0x31f,0x2a,0x26,0x23,0,0x95,0x14,19,3,3,5,6,3,6,6,7,60,25,25,24,25,24,28,25,3,45,5,40,30,40,10,40,40,0,0,0,0,0,0,0,0,3,2,2,1,0,2,2,0x3,0x5,0x0,0x0,0,0,0,0,31,71,0,0,0x88af290,0x0,DefaultJavelin,DefaultHandaxe,0x880bad3,0x880bf24,0x880c334,0x880c479,0x880c4ba,0x880c4fb,HorseType,0x81db250,0x81dbbcc,30,0x8078FEC,1,1,1,1,1,1,1,1,1,1,1,1,1,1,1,1,1,1,1,1,MageKnightSkillList|IsPointer,CantoID
Bishop,0x2d4,0x320,0x2b,0x45,0x24,0,0x7b,0x18,21,4,4,4,4,3,8,7,6,60,25,25,26,24,22,30,20,3,45,5,35,25,22,8,40,40,0,0,0,0,0,0,0,0,3,2,2,1,0,3,2,0x0,0x1,0x0,0x0,0,0,0,0,71,0,31,0,0x88af2a8,0x0,DefaultJavelin,DefaultHandaxe,0x880ba10,0x880be61,0x880c271,0x880c479,0x880c4ba,0x880c4fb,0x0,0x81dbd24,0x81dc590,30,0x8078FEC,1,1,1,1,1,1,1,1,1,1,1,1,1,1,1,1,1,1,1,1,BishopSkillList|IsPointer,SlayerID
Bishop_F,0x2d4,0x320,0x2c,0x4a,0x25,0,0x7b,0x18,19,4,4,5,4,2,9,5,6,60,25,25,25,26,21,30,20,3,45,5,35,25,22,8,50,40,0,0,0,0,0,0,0,0,3,1,1,2,1,2,2,0x0,0x1,0x0,0x0,0,0,0,0,71,0,31,0,0x88af2c0,0x0,DefaultJavelin,DefaultHandaxe,0x880ba10,0x880be61,0x880c271,0x880c479,0x880c4ba,0x880c4fb,0x0,0x81dc6f0,0x81dcf44,30,0x8078FEC,1,1,1,1,1,1,1,1,1,1,1,1,1,1,1,1,1,1,1,1,BishopSkillList|IsPointer,SlayerID
Shaman,0x2e1,0x32c,0x2d,0x2f,0x26,1,0x7e,0x1b,16,2,2,1,2,2,4,7,5,60,20,20,20,20,20,20,20,3,50,10,50,32,30,10,30,20,0,5,10,-5,-5,8,3,-2,1,2,0,0,1,1,2,0x0,0x0,0x0,0x0,0,0,0,0,0,0,0,31,0x88af2d8,0x0,DefaultJavelin,DefaultHandaxe,0x880ba10,0x880be61,0x880c271,0x880c479,0x880c4ba,0x880c4fb,0x0,0x81dd0a4,0x81dd888,14,0x8078FEC,1,1,1,1,1,1,1,1,1,1,1,1,1,1,1,1,1,1,1,1,ShamanSkillList|IsPointer,0x0
Shaman_F,0x2e1,0x32c,0x2e,0x30,0x6e,1,ShamanFCC,0x1b,16,2,2,1,2,2,4,7,5,60,20,20,20,20,20,20,20,3,50,10,45,32,30,10,40,20,0,5,10,-5,-5,8,3,-2,1,2,0,0,1,1,2,0x0,0x0,0x0,0x0,0,0,0,0,0,0,0,31,0x88af2ec,0x0,DefaultJavelin,DefaultHandaxe,0x880ba10,0x880be61,0x880c271,0x880c479,0x880c4ba,0x880c4fb,0x0,ShamanFMv|IsPointer,0x81dd888,14,0x8078FEC,1,1,1,1,1,1,1,1,1,1,1,1,1,1,1,1,1,1,1,1,ShamanSkillList|IsPointer,0x0
Druid,0x2e2,0x32d,0x2f,0x2d,0x27,1,0x7f,0x1c,19,6,6,3,4,4,6,8,6,60,29,29,26,26,21,28,20,3,45,5,55,30,25,10,35,20,0,0,0,0,0,0,0,0,4,0,0,0,3,2,2,0x0,0x1,0x0,0x0,0,0,0,0,1,31,0,71,0x88af300,0x0,DefaultJavelin,DefaultHandaxe,0x880ba10,0x880be61,0x880c271,0x880c479,0x880c4ba,0x880c4fb,0x0,0x81dd9e0,0x81de2c4,24,0x8078FEC,1,1,1,1,1,1,1,1,1,1,1,1,1,1,1,1,1,1,1,1,DruidSkillList|IsPointer,FrenzyID
Druid_F,0x2e2,0x32d,0x30,0x2e,0x27,1,0x7f,0x1c,17,7,7,3,4,3,7,4,6,60,29,29,26,26,20,29,20,3,45,5,55,30,25,10,35,20,0,0,0,0,0,0,0,0,0,0,0,0,0,0,0,0x0,0x1,0x0,0x0,0,0,0,0,1,31,0,71,0x88af318,0x0,DefaultJavelin,DefaultHandaxe,0x880ba10,0x880be61,0x880c271,0x880c479,0x880c4ba,0x880c4fb,0x0,0x81dd9e0,0x81de2c4,24,0x8078FEC,1,1,1,1,1,1,1,1,1,1,1,1,1,1,1,1,1,1,1,1,DruidSkillList|IsPointer,0x0
Summoner,0x2e3,0x32e,0x31,0x2d,0x28,0,0x7f,0x1d,18,5,5,3,4,3,5,8,6,60,27,27,27,26,20,28,20,3,45,10,50,30,25,8,35,20,0,0,0,0,0,0,0,0,3,0,0,1,3,1,3,0x0,0x1,0x0,0x8,0,0,0,0,1,0,0,71,0x88af330,0x0,DefaultJavelin,DefaultHandaxe,0x880ba10,0x880be61,0x880c271,0x880c479,0x880c4ba,0x880c4fb,0x0,0x81de41c,0x81dec38,24,0x8078FEC,1,1,1,1,1,1,1,1,1,1,1,1,1,1,1,1,1,1,1,1,SummonerSkillList|IsPointer,SummonID
Summoner_F,0x2e3,0x32e,0x32,0x2e,0x28,0,0x7f,0x1d,18,5,5,3,4,3,5,4,6,60,27,27,27,26,20,28,20,3,45,10,50,30,25,8,35,20,0,0,0,0,0,0,0,0,0,0,0,0,0,0,0,0x0,0x1,0x0,0x8,0,0,0,0,1,0,0,71,0x88af348,0x0,DefaultJavelin,DefaultHandaxe,0x880ba10,0x880be61,0x880c271,0x880c479,0x880c4ba,0x880c4fb,0x0,0x81de41c,0x81dec38,24,0x8078FEC,1,1,1,1,1,1,1,1,1,1,1,1,1,1,1,1,1,1,1,1,SummonerSkillList|IsPointer,SummonID
Rogue,0x2db,0x326,0x33,0xd,0x29,0,0x94,0x9,16,3,3,1,9,2,0,7,6,60,20,26,30,30,20,20,20,3,50,10,0,45,35,5,20,40,0,0,0,0,0,0,0,0,2,1,3,1,0,2,2,0xc,0x1,0x0,0x0,1,0,0,0,0,0,0,0,0x88af360,0x0,DefaultJavelin,DefaultHandaxe,0x880b9cf,0x880be20,0x880c230,0x880c479,0x880c4ba,0x880c4fb,SwordType,0x81ded90,0x81df548,30,0x8078FEC,1,1,1,1,1,1,1,1,1,1,1,1,1,1,1,1,1,1,1,1,RogueSkillList|IsPointer,CunningID
GorgonEgg,0x300,0x34c,0x34,0x0,0x2a,0,0xa6,0x0,50,0,0,0,0,10,10,6,0,60,30,30,30,30,30,30,30,3,100,0,0,0,0,0,0,0,0,0,0,0,0,0,0,0,0,0,0,0,0,0,0,0x0,0x0,0x0,0x0,0,0,0,0,0,0,0,0,0x0,0x0,DefaultJavelin,DefaultHandaxe,0x0,0x0,0x0,0x880c479,0x880c4ba,0x880c4fb,MonsterType,0x81df6a0,0x81dfacc,30,0x8078FEC,1,1,1,1,1,1,1,1,1,1,1,1,1,1,1,1,1,1,1,1,0x0,0x0
GreatKnight,0x2e0,0x32b,0x35,0x9,0x2b,1,0x96,0x22,21,8,0,4,6,11,3,13,6,60,28,21,24,24,29,25,25,3,70,30,0,20,15,21,20,20,0,0,0,0,0,0,0,0,3,2,0,1,2,2,1,0x3,0x5,0x0,0x0,1,31,31,0,0,0,0,0,0x88af36c,0x0,DefaultJavelin,DefaultHandaxe,0x880bad3,0x880bf24,0x880c334,0x880c479,0x880c4ba,0x880c4fb,(ArmorType|HorseType),0x81dfc24,0x81e058c,30,0x8078FEC,1,1,1,1,1,1,1,1,1,1,1,1,1,1,1,1,1,1,1,1,GreatKnightSkillList|IsPointer,CantoID
GreatKnight_F,0x2e0,0x32b,0x36,0xa,0x2b,1,0x96,0x22,20,6,0,6,7,9,3,10,6,60,26,21,26,25,28,26,25,3,70,30,0,25,20,21,22,20,0,0,0,0,0,0,0,0,3,1,0,1,2,2,2,0x3,0x5,0x0,0x0,1,31,31,0,0,0,0,0,0x88af38c,0x0,DefaultJavelin,DefaultHandaxe,0x880bad3,0x880bf24,0x880c334,0x880c479,0x880c4ba,0x880c4fb,(ArmorType|HorseType),0x81dfc24,0x81e058c,30,0x8078FEC,1,1,1,1,1,1,1,1,1,1,1,1,1,1,1,1,1,1,1,1,GreatKnightSkillList|IsPointer,CantoID
Recruit_2,0x2da,0x332,0x37,0x3a,0x2c,0,0x8a,0x28,18,5,0,3,3,6,0,6,5,60,20,20,20,20,20,20,20,3,75,45,0,40,40,25,35,40,0,0,0,0,0,0,0,0,2,1,0,1,1,2,1,0x0,0x0,0x0,0x0,0,31,0,0,0,0,0,0,0x88af3ac,0x0,DefaultJavelin,DefaultHandaxe,0x880b849,0x880bc9a,0x880c0aa,0x880c479,0x880c4ba,0x880c4fb,0x0,0x81e06e4,0x81e0e40,30,0x8078FEC,1,1,1,1,1,1,1,1,1,1,1,1,1,1,1,1,1,1,1,1,0x0,0x0
Journeyman_3,0x2d8,0x324,0x38,0x7e,0x2d,0,0x74,0x27,28,8,0,5,6,5,0,8,6,60,26,22,29,28,23,23,20,3,85,55,0,40,32,18,20,40,0,0,0,0,0,0,0,0,4,1,0,2,2,2,2,0x40,0x1,0x0,0x0,0,0,71,0,0,0,0,0,0x88af3b8,0x0,DefaultJavelin,DefaultHandaxe,0x880b8cb,0x880bd1c,0x880c12c,0x880c479,0x880c4ba,0x880c4fb,0x0,0x81e0f98,0x81e173c,30,0x8078FEC,1,1,1,1,1,1,1,1,1,1,1,1,1,1,1,1,1,1,1,1,0x0,0x0
Pupil_3,0x2d9,0x325,0x39,0x7f,0x2e,0,0x7c,0x29,20,5,5,4,4,5,5,5,6,60,29,29,28,27,21,26,20,3,55,10,55,40,35,10,30,40,0,0,0,0,0,0,0,0,4,2,2,0,1,3,3,0x0,0x1,0x0,0x0,0,0,0,0,0,71,1,31,0x88af3d0,0x0,DefaultJavelin,DefaultHandaxe,0x880ba10,0x880be61,0x880c271,0x880c479,0x880c4ba,0x880c4fb,0x0,0x81e189c,0x81e2088,30,0x8078FEC,1,1,1,1,1,1,1,1,1,1,1,1,1,1,1,1,1,1,1,1,0x0,0x0
Recruit_3,0x2da,0x332,0x3a,0x37,0x2c,0,0x8a,0x28,23,6,0,6,11,7,6,6,6,60,23,23,30,29,22,26,20,3,75,45,0,40,40,25,35,40,0,0,0,0,0,0,0,0,2,2,0,1,1,2,1,0x40,0x1,0x0,0x0,0,71,0,0,0,0,0,0,0x88af3e4,0x0,DefaultJavelin,DefaultHandaxe,0x880b849,0x880bc9a,0x880c0aa,0x880c479,0x880c4ba,0x880c4fb,0x0,0x81e06e4,0x81e0e40,30,0x8078FEC,1,1,1,1,1,1,1,1,1,1,1,1,1,1,1,1,1,1,1,1,0x0,0x0
Manakete_2,0x2d7,0x323,0x3b,0x1f,0x2f,0,0xa9,0x1f,20,0,2,0,2,1,1,25,3,60,20,20,20,20,20,20,25,3,95,40,20,30,20,0,10,25,0,0,0,0,0,0,0,0,0,0,0,0,0,0,0,0x0,0x1,0x4,0x0,0,0,0,0,0,0,0,0,0x88af3f0,0x0,DefaultJavelin,DefaultHandaxe,0x880bb96,0x880bfe7,0x880c3f7,0x880c53c,0x880c57d,0x880c5be,(FlierType|DragonType),0x81e21e0,0x81e2f34,30,0x8078FD4,1,1,1,1,1,1,1,1,1,1,1,1,1,1,1,1,1,1,1,1,0x0,0x0
Manakete_2_F,0x2d7,0x323,0x3c,0x20,0x30,0,0x8f,0x1f,12,0,2,0,2,2,2,5,6,60,20,20,20,20,20,20,20,2,95,40,20,30,20,0,10,25,0,0,0,0,0,0,0,0,0,0,0,0,0,0,0,0x0,0x0,0x4,0x0,0,0,0,0,0,0,0,0,0x88af3fc,0x0,DefaultJavelin,DefaultHandaxe,0x880bb96,0x880bfe7,0x880c3f7,0x880c53c,0x880c57d,0x880c5be,(FlierType|DragonType),0x81e308c,0x81e39ec,30,0x8078FE4,1,1,1,1,1,1,1,1,1,1,1,1,1,1,1,1,1,1,1,1,ManaketeFSkillList|IsPointer,0x0
Journeyman_1,0x2d8,0x324,0x3d,0x0,0x2d,0,0x74,0x27,14,3,0,0,1,1,0,8,4,60,20,20,20,20,20,20,20,1,85,55,0,40,32,18,20,40,0,0,0,0,0,0,0,0,0,0,0,0,0,0,0,0x0,0x0,0x8,0x0,0,0,1,0,0,0,0,0,0x88af408,0x0,DefaultJavelin,DefaultHandaxe,0x880b8cb,0x880bd1c,0x880c12c,0x880c479,0x880c4ba,0x880c4fb,0x0,0x81e0f98,0x81e173c,10,0x8078FEC,1,1,1,1,1,1,1,1,1,1,1,1,1,1,1,1,1,1,1,1,0x0,0x0
Pupil_1,0x2d9,0x325,0x3e,0x0,0x2e,0,0x7c,0x29,13,1,1,0,1,0,3,5,4,60,20,20,20,20,20,20,20,1,55,10,55,40,35,10,30,40,0,0,0,0,0,0,0,0,0,0,0,0,0,0,0,0x0,0x0,0x8,0x0,0,0,0,0,0,1,0,0,0x88af420,0x0,DefaultJavelin,DefaultHandaxe,0x880ba10,0x880be61,0x880c271,0x880c479,0x880c4ba,0x880c4fb,0x0,0x81e189c,0x81e2088,10,0x8078FEC,1,1,1,1,1,1,1,1,1,1,1,1,1,1,1,1,1,1,1,1,0x0,0x0
Fighter,0x2dc,0x327,0x3f,0x40,0x31,0,0x74,0x23,20,5,0,2,4,2,0,11,5,60,20,20,20,20,20,20,20,3,85,55,0,35,30,15,15,15,5,10,-2,-5,0,-2,0,0,2,2,0,1,0,0,1,0x0,0x0,0x0,0x0,0,0,31,0,0,0,0,0,0x88af434,0x0,DefaultJavelin,DefaultHandaxe,0x880b8cb,0x880bd1c,0x880c12c,0x880c479,0x880c4ba,0x880c4fb,0x0,FighterMMv|IsPointer,0x81e4340,30,0x8078FEC,1,1,1,1,1,1,1,1,1,1,1,1,1,1,1,1,1,1,1,1,FighterSkillList|IsPointer,0x0
Warrior,0x2dd,0x328,0x40,0x3f,0x32,0,0x75,0x25,28,8,0,5,6,5,0,13,6,60,30,21,28,26,26,22,25,3,80,45,0,25,20,16,17,15,0,0,0,0,0,0,0,0,3,1,0,2,0,3,3,0x0,0x1,0x0,0x0,0,0,71,1,0,0,0,0,0x88af44c,0x0,DefaultJavelin,DefaultHandaxe,0x880b8cb,0x880bd1c,0x880c12c,0x880c479,0x880c4ba,0x880c4fb,0x0,0x81e4498,0x81e4ea4,30,0x8078FEC,1,1,1,1,1,1,1,1,1,1,1,1,1,1,1,1,1,1,1,1,WarriorSkillList|IsPointer,KeepUpID
Brigand,0x2de,0x329,0x41,0x43,0x33,0,0x8b,0x0,20,5,0,1,5,3,0,12,5,60,20,20,20,20,20,20,20,3,82,50,0,30,20,10,13,15,0,0,0,0,0,0,0,0,2,1,0,1,0,1,1,0x0,0x0,0x0,0x0,0,0,31,0,0,0,0,0,0x88af468,0x0,DefaultJavelin,DefaultHandaxe,0x880b94d,0x880bd9e,0x880c1ae,0x880c479,0x880c4ba,0x880c4fb,0x0,0x81e4ffc,0x81e582c,30,0x8078FEC,1,1,1,1,1,1,1,1,1,1,1,1,1,1,1,1,1,1,1,1,BrigandSkillList|IsPointer,0x0
Pirate,0x2ee,0x33a,0x42,0x43,0x34,0,0x8c,0x24,19,4,0,2,6,3,0,10,5,60,20,20,20,20,20,20,20,3,75,50,0,35,25,10,13,15,0,0,0,0,0,0,0,0,2,2,0,0,1,1,0,0x0,0x0,0x0,0x0,0,0,31,0,0,0,0,0,0x88af480,0x0,DefaultJavelin,DefaultHandaxe,0x880b98e,0x880bddf,0x880c1ef,0x880c479,0x880c4ba,0x880c4fb,0x0,0x81e5984,0x81e62b4,30,0x8078FEC,1,1,1,1,1,1,1,1,1,1,1,1,1,1,1,1,1,1,1,1,PirateSkillList|IsPointer,0x0
Berserker,0x2df,0x32a,0x43,0x42,0x35,0,0x8d,0x26,24,7,0,6,7,6,0,13,6,60,30,21,29,28,23,21,25,3,75,50,0,35,25,10,13,15,0,0,0,0,0,0,0,0,4,1,0,1,1,2,2,0x40,0x1,0x0,0x0,0,0,71,0,0,0,0,0,0x88af498,0x0,DefaultJavelin,DefaultHandaxe,0x880b90c,0x880bd5d,0x880c16d,0x880c479,0x880c4ba,0x880c4fb,0x0,0x81e640c,0x81e6df4,30,0x8078FEC,1,1,1,1,1,1,1,1,1,1,1,1,1,1,1,1,1,1,1,1,BerserkerSkillList|IsPointer,CritUpID
Monk,0x2e4,0x32f,0x44,0x0,0x36,0,MonkMCC,0x17,18,1,1,1,2,1,5,6,5,60,20,20,20,20,20,20,20,3,50,0,30,35,32,8,40,45,-4,-2,3,1,7,0,0,3,0,0,0,0,0,0,0,0x0,0x0,0x0,0x0,0,0,0,0,0,0,31,0,MonkMAnims|IsPointer,SkelGambit,DefaultJavelin,DefaultHandaxe,0x880ba10,0x880be61,0x880c271,0x880c479,0x880c4ba,0x880c4fb,0x0,0x81e6f4c,0x81e7638,30,0x8078FEC,1,1,1,1,1,1,1,1,1,1,1,1,1,1,1,1,1,1,1,1,MonkSkillList|IsPointer,0x0
Priest,0x2e6,0x330,0x45,0x27,0x37,0,0x7a,0x15,18,1,1,1,2,1,5,5,5,60,20,20,20,20,20,20,20,2,50,0,30,35,32,8,50,45,4,-1,4,0,-4,0,8,2,0,0,0,0,0,0,0,0x0,0x0,0x0,0x0,0,0,0,0,31,0,0,0,PriestAnims|IsPointer,0x0,DefaultJavelin,DefaultHandaxe,0x880ba10,0x880be61,0x880c271,0x880c479,0x880c4ba,0x880c4fb,0x0,PriestMv|IsPointer,0x81e7f58,30,0x8078FEC,1,1,1,1,1,1,1,1,1,1,1,1,1,1,1,1,1,1,1,1,PriestSkillList|IsPointer,0x0
Bard,0x2e5,0x331,0x46,0x0,0x38,0,0x8b,0x0,14,1,1,2,7,1,0,6,5,60,10,20,10,30,24,26,20,2,45,45,30,30,60,0,13,70,0,0,0,0,0,0,0,0,0,0,0,0,0,0,0,0x20,0x0,0x0,0x0,0,0,0,0,0,0,0,0,0x0,0x0,DefaultJavelin,DefaultHandaxe,0x880b849,0x880bc9a,0x880c0aa,0x880c479,0x880c4ba,0x880c4fb,0x0,0x81e80b0,0x81e8840,30,0x8078FEC,1,1,1,1,1,1,1,1,1,1,1,1,1,1,1,1,1,1,1,1,0x0,0x0
Recruit_1,0x2da,0x332,0x47,0x0,0x2c,0,0x8a,0x28,13,3,0,0,1,0,1,6,4,60,20,20,20,20,20,20,20,1,75,45,0,40,40,25,35,40,0,0,0,0,0,0,0,0,0,0,0,0,0,0,0,0x0,0x0,0x8,0x0,0,1,0,0,0,0,0,0,0x88af4d0,0x0,DefaultJavelin,DefaultHandaxe,0x880b849,0x880bc9a,0x880c0aa,0x880c479,0x880c4ba,0x880c4fb,0x0,0x81e06e4,0x81e0e40,10,0x8078FEC,1,1,1,1,1,1,1,1,1,1,1,1,1,1,1,1,1,1,1,1,0x0,0x0
PegasusKnight,0x2e7,0x333,0x48,0x49,0x39,0,0x86,0x10,14,4,1,5,5,3,2,5,7,60,20,20,20,20,20,20,25,3,65,35,0,40,40,12,35,35,0,0,0,0,0,0,0,0,0,0,0,0,0,0,0,0x3,0x10,0x0,0x0,0,31,0,0,0,0,0,0,0x88af4dc,0x0,PegasusKnightJavelin,DefaultHandaxe,0x880bb96,0x880bfe7,0x880c3f7,0x880c53c,0x880c57d,0x880c5be,FlierType,0x81e89d0,0x81e96f0,30,0x8078FEC,1,1,1,1,1,1,1,1,1,1,1,1,1,1,1,1,1,1,1,1,PegKnightSkillList|IsPointer,CantoID
FalcoKnight,0x2e8,0x334,0x49,0x48,0x3a,0,0x87,0x11,20,6,3,7,7,5,4,6,8,60,23,23,25,28,23,26,25,3,60,30,0,30,30,12,30,30,0,0,0,0,0,0,0,0,5,2,3,0,2,2,2,0x3,0x11,0x40,0x0,1,71,0,0,0,0,0,0,0x88af4e8,0x0,FalcoKnightJavelin,DefaultHandaxe,0x880bb96,0x880bfe7,0x880c3f7,0x880c53c,0x880c57d,0x880c5be,FlierType,0x81e9848,0x81ea5dc,30,0x8078FEC,1,1,1,1,1,1,1,1,1,1,1,1,1,1,1,1,1,1,1,1,FalcoknightSkillList|IsPointer,CantoID
Cleric,0x2e9,0x335,0x4a,0x2c,0x3b,0,ClericCC,0x16,18,1,1,1,2,1,5,5,5,60,20,20,20,20,20,20,20,2,50,0,30,35,32,8,50,45,4,-1,4,0,-4,0,8,2,0,0,0,0,0,0,0,0x0,0x0,0x0,0x0,0,0,0,0,31,0,0,0,ClericAnims|IsPointer,0x0,DefaultJavelin,DefaultHandaxe,0x880ba10,0x880be61,0x880c271,0x880c479,0x880c4ba,0x880c4fb,0x0,ClericMv|IsPointer,0x81eaea0,30,0x8078FEC,1,1,1,1,1,1,1,1,1,1,1,1,1,1,1,1,1,1,1,1,ClericSkillList|IsPointer,0x0
Troubadour,0x2ea,0x336,0x4b,0x4c,0x3c,0,0x82,0x19,15,1,1,1,3,2,5,5,6,60,20,20,20,20,20,20,25,2,50,0,25,35,55,12,40,45,0,0,0,0,0,0,0,0,0,0,0,0,0,0,0,0x3,0x4,0x0,0x0,0,0,0,0,31,0,0,0,0x88af504,0x0,DefaultJavelin,DefaultHandaxe,0x880ba92,0x880bee3,0x880c2f3,0x880c479,0x880c4ba,0x880c4fb,HorseType,0x81eaff8,0x81eb99c,30,0x8078FEC,1,1,1,1,1,1,1,1,1,1,1,1,1,1,1,1,1,1,1,1,TroubadourSkillList|IsPointer,CantoID
Valkyrie,0x2eb,0x337,0x4c,0x4b,0x3d,0,0x83,0x1a,19,4,4,3,5,4,8,6,7,60,25,25,24,25,24,28,25,3,45,0,35,25,45,10,40,40,0,0,0,0,0,0,0,0,3,2,2,1,0,2,3,0x3,0x5,0x0,0x0,0,0,0,0,31,0,31,0,0x88af510,0x0,DefaultJavelin,DefaultHandaxe,0x880bad3,0x880bf24,0x880c334,0x880c479,0x880c4ba,0x880c4fb,HorseType,0x81ebaf4,0x81ec4fc,30,0x8078FEC,1,1,1,1,1,1,1,1,1,1,1,1,1,1,1,1,1,1,1,1,ValkyrieSkillList|IsPointer,CantoID
Dancer,0x2ec,0x338,0x4d,0x0,0x3e,0,0x8b,0x2a,14,1,1,2,7,0,1,4,5,60,10,20,10,30,24,26,20,2,45,45,30,30,60,0,13,70,0,0,0,0,0,0,0,0,0,0,0,0,0,0,0,0x10,0x0,0x0,0x0,0,0,0,0,0,0,0,0,0x88af528,0x0,DefaultJavelin,DefaultHandaxe,0x880b849,0x880bc9a,0x880c0aa,0x880c479,0x880c4ba,0x880c4fb,0x0,0x81ec654,0x81ed1c8,30,0x8078FEC,1,1,1,1,1,1,1,1,1,1,1,1,1,1,1,1,1,1,1,1,DancerSkillList|IsPointer,DanceID
Soldier,0x2ed,0x339,0x4e,0x0,0x3f,0,0x8a,0x0,20,3,0,2,3,3,1,6,5,60,20,20,20,20,20,20,20,2,80,50,0,30,20,12,15,25,-4,0,0,0,2,7,2,-1,0,0,0,0,0,0,0,0x0,0x0,0x0,0x0,0,31,0,0,0,0,0,0,SoldierMAnims|IsPointer,0x0,SoldierJavelin,DefaultHandaxe,0x880b849,0x880bc9a,0x880c0aa,0x880c479,0x880c4ba,0x880c4fb,0x0,SoldierMMv|IsPointer,0x81edbc4,30,0x8078FEC,1,1,1,1,1,1,1,1,1,1,1,1,1,1,1,1,1,1,1,1,SoldierSkillList|IsPointer,0x0
Necromancer,0x2ef,0x33b,0x4f,0x2d,0x40,0,0x7f,0x2b,18,9,9,4,5,3,8,7,6,80,30,30,25,25,30,30,25,3,45,15,55,30,25,10,35,20,0,0,0,0,0,0,0,0,0,0,0,0,0,0,0,0x0,0x1,0x0,0x8,0,0,0,0,251,0,0,251,0x88af548,0x0,DefaultJavelin,DefaultHandaxe,0x880ba10,0x880be61,0x880c271,0x880c479,0x880c4ba,0x880c4fb,0x0,0x81edd1c,0x81ee558,30,0x8078FEC,1,1,1,1,1,1,1,1,1,1,1,1,1,1,1,1,1,1,1,1,NecromancerSkillList|IsPointer,SummonID
Fleet,0x2f0,0x33c,0x50,0x0,0x41,0,0x92,0x0,19,1,0,1,2,5,0,25,3,60,20,20,20,20,30,20,25,3,75,35,0,40,32,15,15,15,0,0,0,0,0,0,0,0,0,0,0,0,0,0,0,0x0,0x0,0x0,0x0,0,0,0,71,0,0,0,0,0x0,0x0,DefaultJavelin,DefaultHandaxe,0x880b98e,0x880bddf,0x880c1ef,0x880c479,0x880c4ba,0x880c4fb,0x0,0x81ee6b0,0x81eec84,30,0x8078FDC,1,1,1,1,1,1,1,1,1,1,1,1,1,1,1,1,1,1,1,1,FleetSkillList|IsPointer,0x0
GhostFighter,0x2f1,0x33d,0x51,0x0,0x42,0,0x98,0x1e,1,5,0,2,4,0,0,11,5,1,20,20,20,20,0,0,20,3,0,55,0,35,45,15,15,50,0,0,0,0,0,0,0,0,0,0,0,0,0,0,0,0x0,0x0,0x0,0x0,0,0,71,0,0,0,0,0,0x0,0x0,DefaultJavelin,DefaultHandaxe,0x880bb96,0x880bfe7,0x880c3f7,0x880c53c,0x880c57d,0x880c5be,MonsterType,0x81eedec,0x81ef5cc,30,0x8078FEC,1,1,1,1,1,1,1,1,1,1,1,1,1,1,1,1,1,1,1,1,PhantomSkillList|IsPointer,0x0
Revenant,0x2f2,0x33e,0x52,0x53,0x43,0,0x99,0x0,33,2,0,0,0,0,0,6,4,60,20,20,20,20,20,20,20,3,95,50,0,30,20,10,13,10,0,0,0,0,0,0,0,0,0,0,0,0,0,0,0,0x0,0x0,0x4,0x0,0,0,0,0,0,0,0,0,0x88af560,0x0,DefaultJavelin,DefaultHandaxe,0x880b849,0x880bc9a,0x880c0aa,0x880c479,0x880c4ba,0x880c4fb,MonsterType,0x81ef724,0x81efe70,30,0x8078FA4,1,1,1,1,1,1,1,1,1,1,1,1,1,1,1,1,1,1,1,1,0x0,0x0
Entombed,0x2f3,0x33f,0x53,0x52,0x44,0,0x9a,0x0,46,3,0,0,1,0,0,6,5,80,25,21,22,21,24,22,25,1,85,40,0,25,17,10,13,50,0,0,0,0,0,0,0,0,0,0,0,0,0,0,0,0x0,0x1,0x4,0x0,0,0,0,0,0,0,0,0,0x88af56c,0x0,DefaultJavelin,DefaultHandaxe,0x880b849,0x880bc9a,0x880c0aa,0x880c479,0x880c4ba,0x880c4fb,MonsterType,0x81effc8,0x81f06d8,30,0x8078FA4,1,1,1,1,1,1,1,1,1,1,1,1,1,1,1,1,1,1,1,1,0x0,0x0
Bonewalker,0x2f4,0x340,0x54,0x56,0x45,0,0x9b,0x0,26,4,0,2,3,3,0,7,5,60,20,20,20,20,20,20,20,3,80,50,0,30,20,12,15,10,0,0,0,0,0,0,0,0,0,0,0,0,0,0,0,0x0,0x0,0x2,0x0,71,71,0,0,0,0,0,0,0x88af578,0x0,DefaultJavelin,DefaultHandaxe,0x880b849,0x880bc9a,0x880c0aa,0x880c479,0x880c4ba,0x880c4fb,MonsterType,0x81f0830,0x81f1080,30,0x8078FAC,1,1,1,1,1,1,1,1,1,1,1,1,1,1,1,1,1,1,1,1,0x0,0x0
Bonewalker_Bow,0x2f4,0x340,0x55,0x57,0x46,0,0x9b,0x0,23,4,0,3,2,3,0,6,5,60,20,20,20,20,20,20,20,3,70,35,0,40,32,15,15,10,0,0,0,0,0,0,0,0,0,0,0,0,0,0,0,0x0,0x0,0x0,0x0,0,0,0,71,0,0,0,0,0x88af588,0x0,DefaultJavelin,DefaultHandaxe,0x880b849,0x880bc9a,0x880c0aa,0x880c479,0x880c4ba,0x880c4fb,MonsterType,0x81f11d8,0x81f1a54,30,0x8078FAC,1,1,1,1,1,1,1,1,1,1,1,1,1,1,1,1,1,1,1,1,0x0,0x0
Wight,0x2f5,0x341,0x56,0x54,0x47,0,0x9c,0x0,27,7,0,5,6,5,2,9,6,60,24,21,28,26,22,23,25,3,65,25,0,25,20,15,22,10,0,0,0,0,0,0,0,0,0,0,0,0,0,0,0,0x0,0x1,0x2,0x0,181,181,0,0,0,0,0,0,0x88af594,0x0,DefaultJavelin,DefaultHandaxe,0x880b849,0x880bc9a,0x880c0aa,0x880c479,0x880c4ba,0x880c4fb,MonsterType,0x81f1bac,0x81f249c,30,0x8078FAC,1,1,1,1,1,1,1,1,1,1,1,1,1,1,1,1,1,1,1,1,0x0,0x0
Wight_Bow,0x2f5,0x341,0x57,0x55,0x48,0,0x9c,0x0,27,6,0,6,5,5,2,8,6,60,25,21,30,28,25,23,20,3,65,30,0,30,20,15,20,10,0,0,0,0,0,0,0,0,0,0,0,0,0,0,0,0x0,0x1,0x0,0x0,0,0,0,181,0,0,0,0,0x88af5a4,0x0,DefaultJavelin,DefaultHandaxe,0x880b849,0x880bc9a,0x880c0aa,0x880c479,0x880c4ba,0x880c4fb,MonsterType,0x81f25f4,0x81f2ec4,30,0x8078FAC,1,1,1,1,1,1,1,1,1,1,1,1,1,1,1,1,1,1,1,1,0x0,0x0
Bael,0x2f6,0x342,0x58,0x59,0x49,0,0x9d,0x0,33,6,0,3,3,6,1,12,5,60,30,20,28,26,26,22,25,3,82,50,0,30,20,18,13,15,0,0,0,0,0,0,0,0,0,0,0,0,0,0,0,0x0,0x0,0x4,0x0,0,0,0,0,0,0,0,0,0x88af5b0,0x0,DefaultJavelin,DefaultHandaxe,0x880b94d,0x880bd9e,0x880c1ae,0x880c479,0x880c4ba,0x880c4fb,MonsterType,0x81f301c,0x81f3794,30,0x8078FB4,1,1,1,1,1,1,1,1,1,1,1,1,1,1,1,1,1,1,1,1,0x0,0x0
ElderBael,0x2f7,0x343,0x59,0x58,0x4a,0,0x9e,0x0,47,8,0,5,5,9,4,15,6,80,30,22,28,26,26,22,25,3,85,45,0,25,20,21,17,10,0,0,0,0,0,0,0,0,0,0,0,0,0,0,0,0x0,0x1,0x4,0x0,0,0,0,0,0,0,0,0,0x88af5bc,0x0,DefaultJavelin,DefaultHandaxe,0x880b94d,0x880bd9e,0x880c1ae,0x880c479,0x880c4ba,0x880c4fb,MonsterType,0x81f38ec,0x81f3fa0,30,0x8078FB4,1,1,1,1,1,1,1,1,1,1,1,1,1,1,1,1,1,1,1,1,0x0,0x0
Cyclops,0x2f8,0x344,0x5a,0x9,0x4b,0,0x9f,0x0,52,8,0,5,6,13,0,16,5,80,29,21,29,28,30,25,25,3,95,30,0,35,25,24,25,10,0,0,0,0,0,0,0,0,0,0,0,0,0,0,0,0x0,0x1,0x0,0x0,0,0,181,0,0,0,0,0,0x88af5c8,0x0,DefaultJavelin,DefaultHandaxe,0x880b8cb,0x880bd1c,0x880c12c,0x880c479,0x880c4ba,0x880c4fb,MonsterType,0x81f40f8,0x81f49b8,30,0x8078FD4,1,1,1,1,1,1,1,1,1,1,1,1,1,1,1,1,1,1,1,1,0x0,0x0
Mauthedoog,0x2f9,0x345,0x5b,0x5c,0x4c,0,0xa0,0x0,21,4,0,10,10,2,0,6,7,60,20,20,20,20,20,20,20,3,70,35,0,45,45,15,20,30,0,0,0,0,0,0,0,0,0,0,0,0,0,0,0,0x0,0x0,0x4,0x0,0,0,0,0,0,0,0,0,0x88af5e0,0x0,DefaultJavelin,DefaultHandaxe,0x880bb14,0x880bf65,0x880c375,0x880c479,0x880c4ba,0x880c4fb,MonsterType,0x81f4b18,0x81f5468,30,0x8078FBC,1,1,1,1,1,1,1,1,1,1,1,1,1,1,1,1,1,1,1,1,0x0,0x0
Gwyllgi,0x2fa,0x346,0x5c,0x5b,0x4d,0,0xa1,0x0,27,6,0,12,12,5,2,8,8,60,24,23,29,30,22,23,20,3,65,28,0,35,35,16,22,25,0,0,0,0,0,0,0,0,0,0,0,0,0,0,0,0x0,0x1,0x4,0x0,0,0,0,0,0,0,0,0,0x88af5ec,0x0,DefaultJavelin,DefaultHandaxe,0x880bb55,0x880bfa6,0x880c3b6,0x880c479,0x880c4ba,0x880c4fb,MonsterType,0x81f55c0,0x81f607c,30,0x8078FBC,1,1,1,1,1,1,1,1,1,1,1,1,1,1,1,1,1,1,1,1,0x0,0x0
Tarvos,0x2fb,0x347,0x5d,0x5e,0x4e,0,0xa2,0x0,27,6,0,2,5,7,0,10,7,60,20,20,20,20,20,20,20,3,80,35,0,40,28,15,15,10,0,0,0,0,0,0,0,0,0,0,0,0,0,0,0,0x0,0x0,0x0,0x0,0,0,71,0,0,0,0,0,0x88af5f8,0x0,DefaultJavelin,DefaultHandaxe,0x880bb14,0x880bf65,0x880c375,0x880c479,0x880c4ba,0x880c4fb,(HorseType|MonsterType),0x81f61d4,0x81f6ad0,30,0x8078FC4,1,1,1,1,1,1,1,1,1,1,1,1,1,1,1,1,1,1,1,1,0x0,0x0
Maelduin,0x2fc,0x348,0x5e,0x5d,0x4f,0,0xa3,0x0,33,8,0,4,7,9,3,12,8,80,25,21,26,24,25,25,25,3,75,30,0,30,18,13,20,10,0,0,0,0,0,0,0,0,0,0,0,0,0,0,0,0x0,0x1,0x0,0x0,0,0,181,181,0,0,0,0,0x88af610,0x0,DefaultJavelin,DefaultHandaxe,0x880bb55,0x880bfa6,0x880c3b6,0x880c479,0x880c4ba,0x880c4fb,(HorseType|MonsterType),0x81f6c28,0x81f7570,30,0x8078FC4,1,1,1,1,1,1,1,1,1,1,1,1,1,1,1,1,1,1,1,1,0x0,0x0
Mogall,0x2fd,0x349,0x5f,0x60,0x50,0,0xa4,0x0,20,2,2,1,2,2,4,4,5,60,20,20,20,20,20,20,20,3,50,0,45,32,30,10,28,30,0,0,0,0,0,0,0,0,0,0,0,0,0,0,0,0x0,0x0,0x4,0x0,0,0,0,0,0,0,0,71,0x88af62c,0x0,DefaultJavelin,DefaultHandaxe,0x880bb96,0x880bfe7,0x880c3f7,0x880c53c,0x880c57d,0x880c5be,MonsterType,0x81f76c8,0x81f7e28,30,0x8078DB0,1,1,1,1,1,1,1,1,1,1,1,1,1,1,1,1,1,1,1,1,0x0,0x0
ArchMogall,0x2fe,0x34a,0x60,0x5f,0x51,0,0xa5,0x0,22,6,6,3,3,3,7,5,6,60,29,29,26,26,20,29,20,3,45,5,55,30,25,10,28,20,0,0,0,0,0,0,0,0,0,0,0,0,0,0,0,0x0,0x1,0x4,0x0,0,0,0,0,0,0,0,181,0x88af640,0x0,DefaultJavelin,DefaultHandaxe,0x880bb96,0x880bfe7,0x880c3f7,0x880c53c,0x880c57d,0x880c5be,MonsterType,0x81f7f80,0x81f876c,30,0x8078DB0,1,1,1,1,1,1,1,1,1,1,1,1,1,1,1,1,1,1,1,1,0x0,0x0
Gorgon,0x2ff,0x34b,0x61,0x5f,0x52,0,0xa6,0x0,25,8,8,3,4,5,7,11,6,60,29,29,26,26,21,28,25,3,45,10,60,30,25,10,40,30,0,0,0,0,0,0,0,0,0,0,0,0,0,0,0,0x0,0x1,0x4,0x0,0,0,0,0,0,0,0,181,0x88af654,0x0,DefaultJavelin,DefaultHandaxe,0x880ba10,0x880be61,0x880c271,0x880c479,0x880c4ba,0x880c4fb,MonsterType,0x81f88c4,0x81f90a0,30,0x8078FCC,1,1,1,1,1,1,1,1,1,1,1,1,1,1,1,1,1,1,1,1,0x0,0x0
GorgonEgg_2,0x300,0x34c,0x62,0x0,0x53,0,0xa6,0x0,65,0,0,0,0,10,10,6,0,60,30,30,30,30,30,30,30,3,100,0,0,0,0,0,0,0,0,0,0,0,0,0,0,0,0,0,0,0,0,0,0,0x0,0x0,0x0,0x0,0,0,0,0,0,0,0,0,0x0,0x0,DefaultJavelin,DefaultHandaxe,0x0,0x0,0x0,0x880c479,0x880c4ba,0x880c4fb,MonsterType,0x81f91f8,0x81f95f4,30,0x8078FEC,1,1,1,1,1,1,1,1,1,1,1,1,1,1,1,1,1,1,1,1,0x0,0x0
Gargoyle,0x301,0x34d,0x63,0x64,0x54,0,0xa7,0x0,25,6,0,3,6,6,0,8,6,60,20,20,20,20,20,20,20,3,80,45,0,35,35,25,15,10,0,0,0,0,0,0,0,0,0,0,0,0,0,0,0,0x0,0x0,0x0,0x0,0,71,0,0,0,0,0,0,0x88af668,0x0,DefaultJavelin,DefaultHandaxe,0x880bb96,0x880bfe7,0x880c3f7,0x880c53c,0x880c57d,0x880c5be,(FlierType|MonsterType),0x81f974c,0x81fa2b4,30,0x8078D9C,1,1,1,1,1,1,1,1,1,1,1,1,1,1,1,1,1,1,1,1,0x0,0x0
Deathgoyle,0x302,0x34e,0x64,0x63,0x55,0,0xa8,0x0,30,8,0,5,8,9,1,11,7,60,27,22,25,23,28,22,25,3,75,40,0,30,25,20,17,10,0,0,0,0,0,0,0,0,0,0,0,0,0,0,0,0x0,0x1,0x0,0x0,0,181,0,0,0,0,0,0,0x88af674,0x0,DefaultJavelin,DefaultHandaxe,0x880bb96,0x880bfe7,0x880c3f7,0x880c53c,0x880c57d,0x880c5be,(FlierType|MonsterType),0x81fa40c,0x81faf40,30,0x8078D9C,1,1,1,1,1,1,1,1,1,1,1,1,1,1,1,1,1,1,1,1,0x0,0x0
DracoZombie,0x303,0x34f,0x65,0x1f,0x56,0,0xa9,0x0,69,1,1,0,1,0,3,25,5,100,50,50,50,50,50,50,25,3,85,35,0,20,20,30,10,25,0,0,0,0,0,0,0,0,0,0,0,0,0,0,0,0x0,0x1,0x4,0x0,0,0,0,0,0,0,0,0,0x88af680,0x0,DefaultJavelin,DefaultHandaxe,0x880bb96,0x880bfe7,0x880c3f7,0x880c53c,0x880c57d,0x880c5be,(FlierType|DragonType|MonsterType),0x81fb098,0x81fbe5c,30,0x8078FD4,1,1,1,1,1,1,1,1,1,1,1,1,1,1,1,1,1,1,1,1,0x0,0x0
DemonKing,0x304,0x350,0x66,0x1f,0x57,0,0xaa,0x0,120,23,23,20,18,25,25,25,2,120,50,50,50,50,50,50,25,5,95,40,40,30,20,20,20,25,0,0,0,0,0,0,0,0,0,0,0,0,0,0,0,0x0,0x1,0x4,0x0,0,0,0,0,0,0,0,0,0x88af68c,0x0,DefaultJavelin,DefaultHandaxe,0x880bbd7,0x880bbd7,0x880bbd7,0x880c479,0x880c4ba,0x880c4fb,MonsterType,0x81fbfbc,0x81fd028,30,0x8078FD4,1,1,1,1,1,1,1,1,1,1,1,1,1,1,1,1,1,1,1,1,0x0,SummonID
ArcheronBallista,0x0,0x0,0x67,0x0,0x58,0,0x0,0x0,0,0,0,0,0,0,0,0,0,0,0,20,0,0,0,0,0,3,0,0,0,0,0,0,10,0,0,0,0,0,0,0,0,0,0,0,0,0,0,0,0,0x0,0x0,0x0,0x0,0,0,0,0,0,0,0,0,0x0,0x0,DefaultJavelin,DefaultHandaxe,0x0,0x0,0x0,0x880c479,0x880c4ba,0x880c4fb,0x0,0x81fd180,0x81fd808,30,0x8078FD4,1,1,1,1,1,1,1,1,1,1,1,1,1,1,1,1,1,1,1,1,0x0,0x0
ArcheronIronBallista,0x0,0x0,0x68,0x0,0x59,0,0x0,0x0,0,0,0,0,0,0,0,0,0,0,0,20,0,0,0,0,0,0,0,0,0,0,0,0,0,0,0,0,0,0,0,0,0,0,0,0,0,0,0,0,0,0x0,0x0,0x0,0x0,0,0,0,0,0,0,0,0,0x0,0x0,DefaultJavelin,DefaultHandaxe,0x0,0x0,0x0,0x880c479,0x880c4ba,0x880c4fb,0x0,0x81fd960,0x81fdfe8,30,0x8078FD4,1,1,1,1,1,1,1,1,1,1,1,1,1,1,1,1,1,1,1,1,0x0,0x0
ArcheronKillerBallista,0x0,0x0,0x69,0x0,0x5a,0,0x0,0x0,0,0,0,0,0,0,0,0,0,0,0,20,0,0,0,0,0,0,0,0,0,0,0,0,0,0,0,0,0,0,0,0,0,0,0,0,0,0,0,0,0,0x0,0x0,0x0,0x0,0,0,0,0,0,0,0,0,0x0,0x0,DefaultJavelin,DefaultHandaxe,0x0,0x0,0x0,0x880c479,0x880c4ba,0x880c4fb,0x0,0x81fe140,0x81fe7c8,30,0x8078FD4,1,1,1,1,1,1,1,1,1,1,1,1,1,1,1,1,1,1,1,1,0x0,0x0
EmptyBallista,0x0,0x0,0x6a,0x0,0x5b,0,0x0,0x0,0,0,0,0,0,0,0,0,0,0,0,20,0,0,0,0,0,0,0,0,0,0,0,0,0,0,0,0,0,0,0,0,0,0,0,0,0,0,0,0,0,0x0,0x0,0x0,0x0,0,0,0,0,0,0,0,0,0x0,0x0,DefaultJavelin,DefaultHandaxe,0x0,0x0,0x0,0x880c479,0x880c4ba,0x880c4fb,0x0,0x81fe920,0x81fee74,30,0x8078FEC,1,1,1,1,1,1,1,1,1,1,1,1,1,1,1,1,1,1,1,1,0x0,0x0
EmptyIronBallista,0x0,0x0,0x6b,0x0,0x5c,0,0x0,0x0,0,0,0,0,0,0,0,0,0,0,0,20,0,0,0,0,0,0,0,0,0,0,0,0,0,0,0,0,0,0,0,0,0,0,0,0,0,0,0,0,0,0x0,0x0,0x0,0x0,0,0,0,0,0,0,0,0,0x0,0x0,DefaultJavelin,DefaultHandaxe,0x0,0x0,0x0,0x880c479,0x880c4ba,0x880c4fb,0x0,0x81fefdc,0x81ff4c8,30,0x8078FEC,1,1,1,1,1,1,1,1,1,1,1,1,1,1,1,1,1,1,1,1,0x0,0x0
EmptyKillerBallista,0x0,0x0,0x6c,0x0,0x5d,0,0x0,0x0,0,0,0,0,0,0,0,0,0,0,0,20,0,0,0,0,0,0,0,0,0,0,0,0,0,0,0,0,0,0,0,0,0,0,0,0,0,0,0,0,0,0x0,0x0,0x0,0x0,0,0,0,0,0,0,0,0,0x0,0x0,DefaultJavelin,DefaultHandaxe,0x0,0x0,0x0,0x880c479,0x880c4ba,0x880c4fb,0x0,0x81ff620,0x81ffbbc,30,0x8078FEC,1,1,1,1,1,1,1,1,1,1,1,1,1,1,1,1,1,1,1,1,0x0,0x0
Civilian,0x305,0x351,0x6d,0x0,0x5e,1,0x5e,0x0,8,1,0,0,0,0,0,4,5,60,20,20,20,20,20,20,20,1,10,0,0,0,0,0,10,0,0,0,0,0,0,0,0,0,0,0,0,0,0,0,0,0x0,0x0,0x0,0x0,0,0,0,0,0,0,0,0,0x0,0x0,DefaultJavelin,DefaultHandaxe,0x880ba51,0x880bea2,0x880c2b2,0x880c479,0x880c4ba,0x880c4fb,0x0,0x81ffd24,0x8200348,30,0x8078FEC,1,1,1,1,1,1,1,1,1,1,1,1,1,1,1,1,1,1,1,1,0x0,0x0
Civilian_F,0x305,0x351,0x6e,0x0,0x5f,1,0x63,0x0,7,0,0,0,0,0,1,3,5,60,20,20,20,20,20,20,20,1,10,0,0,0,0,0,10,0,0,0,0,0,0,0,0,0,0,0,0,0,0,0,0,0x0,0x0,0x0,0x0,0,0,0,0,0,0,0,0,0x0,0x0,DefaultJavelin,DefaultHandaxe,0x880ba51,0x880bea2,0x880c2b2,0x880c479,0x880c4ba,0x880c4fb,0x0,0x82004a0,0x8200afc,30,0x8078FEC,1,1,1,1,1,1,1,1,1,1,1,1,1,1,1,1,1,1,1,1,0x0,0x0
Civilian_2,0x305,0x351,0x6f,0x0,0x60,1,0x59,0x0,10,0,0,1,0,0,2,6,5,60,20,20,20,20,20,20,20,1,10,0,0,0,0,0,10,0,0,0,0,0,0,0,0,0,0,0,0,0,0,0,0,0x0,0x0,0x0,0x0,0,0,0,0,0,0,0,0,0x0,0x0,DefaultJavelin,DefaultHandaxe,0x880ba51,0x880bea2,0x880c2b2,0x880c479,0x880c4ba,0x880c4fb,0x0,0x8200c54,0x8201338,30,0x8078FEC,1,1,1,1,1,1,1,1,1,1,1,1,1,1,1,1,1,1,1,1,0x0,0x0
Civilian_F_2,0x305,0x351,0x70,0x0,0x61,1,0x62,0x0,9,0,0,1,0,0,1,4,5,60,20,20,20,20,20,20,20,1,10,0,0,0,0,0,10,0,0,0,0,0,0,0,0,0,0,0,0,0,0,0,0,0x0,0x0,0x0,0x0,0,0,0,0,0,0,0,0,0x0,0x0,DefaultJavelin,DefaultHandaxe,0x880ba51,0x880bea2,0x880c2b2,0x880c479,0x880c4ba,0x880c4fb,0x0,0x8201490,0x8201b84,30,0x8078FEC,1,1,1,1,1,1,1,1,1,1,1,1,1,1,1,1,1,1,1,1,0x0,0x0
Civilian_3,0x305,0x351,0x71,0x0,0x60,1,0x5c,0x0,12,3,0,0,0,2,0,7,5,60,20,20,20,20,20,20,20,1,10,0,0,0,0,0,10,0,0,0,0,0,0,0,0,0,0,0,0,0,0,0,0,0x0,0x0,0x0,0x0,0,0,0,0,0,0,0,0,0x0,0x0,DefaultJavelin,DefaultHandaxe,0x880ba51,0x880bea2,0x880c2b2,0x880c479,0x880c4ba,0x880c4fb,0x0,0x8200c54,0x8201338,30,0x8078FEC,1,1,1,1,1,1,1,1,1,1,1,1,1,1,1,1,1,1,1,1,0x0,0x0
Civilian_F_3,0x305,0x351,0x72,0x0,0x61,1,0x61,0x0,10,0,0,1,0,1,1,5,5,60,20,20,20,20,20,20,20,1,10,0,0,0,0,0,10,0,0,0,0,0,0,0,0,0,0,0,0,0,0,0,0,0x0,0x0,0x0,0x0,0,0,0,0,0,0,0,0,0x0,0x0,DefaultJavelin,DefaultHandaxe,0x880ba51,0x880bea2,0x880c2b2,0x880c479,0x880c4ba,0x880c4fb,0x0,0x8201490,0x8201b84,30,0x8078FEC,1,1,1,1,1,1,1,1,1,1,1,1,1,1,1,1,1,1,1,1,0x0,0x0
Peer,0x0,0x0,0x73,0x0,0x62,1,0x1,0x0,10,0,0,0,0,0,0,8,5,60,20,20,20,20,20,20,20,1,10,0,0,0,0,0,10,0,0,0,0,0,0,0,0,0,0,0,0,0,0,0,0,0x0,0x0,0x0,0x0,0,0,0,0,0,0,0,0,0x0,0x0,DefaultJavelin,DefaultHandaxe,0x880ba51,0x880bea2,0x880c2b2,0x880c479,0x880c4ba,0x880c4fb,0x0,0x8201cdc,0x8202558,30,0x8078FEC,1,1,1,1,1,1,1,1,1,1,1,1,1,1,1,1,1,1,1,1,0x0,0x0
Queen,0x307,0x353,0x74,0x0,0x63,1,0x1,0x0,10,0,0,0,0,0,0,5,5,60,20,20,20,20,20,20,20,1,10,0,0,0,0,0,10,0,0,0,0,0,0,0,0,0,0,0,0,0,0,0,0,0x0,0x0,0x0,0x0,0,0,0,0,0,0,0,0,0x0,0x0,DefaultJavelin,DefaultHandaxe,0x880ba51,0x880bea2,0x880c2b2,0x880c479,0x880c4ba,0x880c4fb,0x0,0x82026b0,0x8202c04,30,0x8078FEC,1,1,1,1,1,1,1,1,1,1,1,1,1,1,1,1,1,1,1,1,0x0,0x0
Prince,0x0,0x0,0x75,0x0,0x64,1,0x1,0x0,10,0,0,0,0,0,0,7,5,60,20,20,20,20,20,20,20,1,10,0,0,0,0,0,10,0,0,0,0,0,0,0,0,0,0,0,0,0,0,0,0,0x0,0x0,0x0,0x0,0,0,0,0,0,0,0,0,0x0,0x0,DefaultJavelin,DefaultHandaxe,0x880ba51,0x880bea2,0x880c2b2,0x880c479,0x880c4ba,0x880c4fb,0x0,0x8202d5c,0x8203368,30,0x8078FEC,1,1,1,1,1,1,1,1,1,1,1,1,1,1,1,1,1,1,1,1,0x0,0x0
Queen_2,0x307,0x353,0x76,0x0,0x65,1,0x1,0x0,10,0,0,0,0,0,0,6,5,60,20,20,20,20,20,20,20,1,10,0,0,0,0,0,10,0,0,0,0,0,0,0,0,0,0,0,0,0,0,0,0,0x0,0x0,0x0,0x0,0,0,0,0,0,0,0,0,0x0,0x0,DefaultJavelin,DefaultHandaxe,0x880ba51,0x880bea2,0x880c2b2,0x880c479,0x880c4ba,0x880c4fb,0x0,0x82034c0,0x82039a0,30,0x8078FEC,1,1,1,1,1,1,1,1,1,1,1,1,1,1,1,1,1,1,1,1,0x0,0x0
0x77,0x0,0x0,0x77,0x0,0x66,0,0x0,0x0,0,0,0,0,0,0,0,0,0,0,0,20,0,0,0,0,0,0,0,0,0,0,0,0,0,0,0,0,0,0,0,0,0,0,0,0,0,0,0,0,0,0x0,0x0,0x0,0x0,0,0,0,0,0,0,0,0,0x0,0x0,DefaultJavelin,DefaultHandaxe,0x0,0x0,0x0,0x880c479,0x880c4ba,0x880c4fb,0x0,0x8203af8,0x8203e8c,30,0x8078FEC,1,1,1,1,1,1,1,1,1,1,1,1,1,1,1,1,1,1,1,1,0x0,0x0
FallenPrince,0x0,0x0,0x78,0x0,0x67,1,0x1,0x0,10,0,0,0,0,0,0,25,5,60,20,20,20,20,20,20,20,1,10,0,0,0,0,0,10,0,0,0,0,0,0,0,0,0,0,0,0,0,0,0,0,0x0,0x0,0x0,0x0,0,0,0,0,0,0,0,0,0x0,0x0,DefaultJavelin,DefaultHandaxe,0x880ba51,0x880bea2,0x880c2b2,0x880c479,0x880c4ba,0x880c4fb,0x0,0x8203fe4,0x82043c8,30,0x8079022,1,1,1,1,1,1,1,1,1,1,1,1,1,1,1,1,1,1,1,1,0x0,0x0
Tent,0x0,0x0,0x79,0x0,0x68,1,0x1,0x0,15,0,0,3,3,3,0,25,0,60,20,20,20,20,20,20,25,1,10,0,0,0,0,0,10,0,0,0,0,0,0,0,0,0,0,0,0,0,0,0,0,0x0,0x2,0x10,0x0,0,0,0,0,0,0,0,0,0x0,0x0,DefaultJavelin,DefaultHandaxe,0x880ba51,0x880bea2,0x880c2b2,0x880c479,0x880c4ba,0x880c4fb,0x0,0x8204520,0x8204940,30,0x8078FEC,1,1,1,1,1,1,1,1,1,1,1,1,1,1,1,1,1,1,1,1,0x0,0x0
Pontifex,0x306,0x352,0x7a,0x0,0x69,1,0x1,0x0,10,0,0,0,0,0,0,8,5,60,20,20,20,20,20,20,20,1,10,0,0,0,0,0,10,0,0,0,0,0,0,0,0,0,0,0,0,0,0,0,0,0x0,0x0,0x0,0x0,0,0,0,0,0,0,0,0,0x0,0x0,DefaultJavelin,DefaultHandaxe,0x880ba51,0x880bea2,0x880c2b2,0x880c479,0x880c4ba,0x880c4fb,0x0,0x8204a98,0x8205068,30,0x8078FEC,1,1,1,1,1,1,1,1,1,1,1,1,1,1,1,1,1,1,1,1,0x0,0x0
FallenPeer,0x0,0x0,0x7b,0x0,0x6a,1,0x1,0x0,10,0,0,0,0,0,0,25,5,60,20,20,20,20,20,20,20,1,10,0,0,0,0,0,10,0,0,0,0,0,0,0,0,0,0,0,0,0,0,0,0,0x0,0x0,0x0,0x0,0,0,0,0,0,0,0,0,0x0,0x0,DefaultJavelin,DefaultHandaxe,0x880ba51,0x880bea2,0x880c2b2,0x880c479,0x880c4ba,0x880c4fb,0x0,0x82051c0,0x82055a8,30,0x8079022,1,1,1,1,1,1,1,1,1,1,1,1,1,1,1,1,1,1,1,1,0x0,0x0
Cyclops_2,0x2f8,0x344,0x7c,0x9,0x4b,0,0x9f,0x0,52,8,0,5,6,13,0,16,5,80,29,21,29,28,30,25,25,3,95,30,0,35,25,24,25,10,0,0,0,0,0,0,0,0,0,0,0,0,0,0,0,0x0,0x1,0x0,0x0,0,0,251,0,0,0,0,0,0x88af6a4,0x0,DefaultJavelin,DefaultHandaxe,0x880b8cb,0x880bd1c,0x880c12c,0x880c479,0x880c4ba,0x880c4fb,MonsterType,0x81f40f8,0x81f49b8,30,0x8078FEC,1,1,1,1,1,1,1,1,1,1,1,1,1,1,1,1,1,1,1,1,0x0,0x0
ElderBael_2,0x2f7,0x343,0x7d,0x58,0x4a,0,0x9e,0x0,47,8,0,5,5,9,4,15,6,80,30,22,28,26,26,22,25,3,85,45,0,25,20,21,17,10,0,0,0,0,0,0,0,0,0,0,0,0,0,0,0,0x0,0x1,0x4,0x0,0,0,0,0,0,0,0,0,0x88af6bc,0x0,DefaultJavelin,DefaultHandaxe,0x880b94d,0x880bd9e,0x880c1ae,0x880c479,0x880c4ba,0x880c4fb,MonsterType,0x81f38ec,0x81f3fa0,30,0x8078FEC,1,1,1,1,1,1,1,1,1,1,1,1,1,1,1,1,1,1,1,1,0x0,0x0
Journeyman_2,0x2d8,0x324,0x7e,0x38,0x2d,0,0x74,0x27,20,5,0,3,4,2,1,8,5,60,20,20,20,20,20,20,20,3,85,55,0,40,32,18,20,40,0,0,0,0,0,0,0,0,2,0,0,2,0,2,2,0x0,0x0,0x0,0x0,0,0,31,0,0,0,0,0,0x88af6c8,0x0,DefaultJavelin,DefaultHandaxe,0x880b8cb,0x880bd1c,0x880c12c,0x880c479,0x880c4ba,0x880c4fb,0x0,0x81e0f98,0x81e173c,30,0x8078FEC,1,1,1,1,1,1,1,1,1,1,1,1,1,1,1,1,1,1,1,1,0x0,0x0
Pupil_2,0x2d9,0x325,0x7f,0x39,0x2e,0,0x7c,0x29,17,2,2,3,3,3,3,5,5,60,20,20,20,20,20,20,20,3,55,20,55,40,35,10,30,40,0,0,0,0,0,0,0,0,2,1,1,1,0,2,2,0x0,0x0,0x0,0x0,0,0,0,0,0,31,0,0,0x88af6e0,0x0,DefaultJavelin,DefaultHandaxe,0x880ba10,0x880be61,0x880c271,0x880c479,0x880c4ba,0x880c4fb,0x0,0x81e189c,0x81e2088,0,0x8078FEC,1,1,1,1,1,1,1,1,1,1,1,1,1,1,1,1,1,1,1,1,0x0,0x0
Monk_F,0x2e4,0x32f,0x80,0x0,0x6b,0,MonkFCC,0x17,18,1,1,1,2,1,5,6,5,60,20,20,20,20,20,20,20,3,50,0,30,35,32,8,40,45,-4,-2,3,1,7,0,0,3,0,0,0,0,0,0,0,0x0,0x0,0x0,0x0,0,0,0,0,0,0,31,0,MonkFAnims|IsPointer,0x0,DefaultJavelin,DefaultHandaxe,0x880ba10,0x880be61,0x880c271,0x880c479,0x880c4ba,0x880c4fb,0x0,MonkFMv|IsPointer,0x81e7638,30,0x8078FEC,1,1,1,1,1,1,1,1,1,1,1,1,1,1,1,1,1,1,1,1,MonkSkillList|IsPointer,0x0
Soldier_F,0x2ed,0x339,0x81,0x0,0x6c,0,SoldierFCC,0x0,20,3,0,2,3,3,1,6,5,60,20,20,20,20,20,20,20,2,80,50,0,30,20,12,15,25,-4,0,0,0,2,7,2,-1,0,0,0,0,0,0,0,0x0,0x0,0x0,0x0,0,31,0,0,0,0,0,0,SoldierFAnims|IsPointer,0x0,SoldierJavelin,DefaultHandaxe,0x880b849,0x880bc9a,0x880c0aa,0x880c479,0x880c4ba,0x880c4fb,0x0,SoldierFMv|IsPointer,0x81edbc4,30,0x8078FEC,1,1,1,1,1,1,1,1,1,1,1,1,1,1,1,1,1,1,1,1,SoldierSkillList|IsPointer,0x0
Fighter_F,0x2dc,0x327,0x82,0x40,0x6d,0,FighterFCC,0x23,20,5,0,2,4,2,0,11,5,60,20,20,20,20,20,20,20,3,85,55,0,35,30,15,15,15,5,10,-2,-5,0,-2,0,0,2,2,0,1,0,0,1,0x0,0x0,0x0,0x0,0,0,31,0,0,0,0,0,FighterFAnims|IsPointer,0x0,DefaultJavelin,DefaultHandaxe,0x880b8cb,0x880bd1c,0x880c12c,0x880c479,0x880c4ba,0x880c4fb,0x0,FighterFMv|IsPointer,0x81e4340,30,0x8078FEC,1,1,1,1,1,1,1,1,1,1,1,1,1,1,1,1,1,1,1,1,FighterSkillList|IsPointer,0x0
